,Date,tweet
0,2021-07-01 20:30:56+00:00,"#Zelensky in 2014 *after* #Ukraine declared bloody war on #Donbass:

""Ukraine and Russia are brotherly people, we have same colour, same blood""

2021 Zelensky to Putin: ""Russians and Ukrainians are not one people""

https://t.co/GMd3UURLI5 https://t.co/ry3GZCUgSE https://t.co/Vn8IPUEU0V"
1,2021-07-01 16:45:32+00:00,CEO of @hackenclub @buda_kyiv just mentioned in the most recent #AMA that will $HAI might be legal tender in #ukraine soon. https://t.co/nlOUFT8D1d
2,2021-07-01 16:11:25+00:00,"Pundit on #Russia's state TV said about the US: â€œItâ€™s time to move on to more active measures... Do you want me to spell it out?â€

RT's editor-in-chief Margarita Simonyan quickly stopped her fellow propagandist from divulging too much. â€œNo need,â€ she said.
https://t.co/9NWdnSkcVC"
3,2021-07-01 15:19:34+00:00,"#Russia's state TV complains about ""persecution of Trump's followers"" for ""simply expressing their disagreement with the outcome of the election."" 

If Russian protesters stormed the Kremlin, objecting to Putin's election, they wouldn't be persecuted or prosecuted. They'd be DOA. https://t.co/FRogyWrsst"
4,2021-07-01 13:49:34+00:00,"ğŸ’¬#Zakharova: On June 21, the French Senate held a seminar on #Ukraine.

Participants spoke, with concern, on the countryâ€™s engrained tendency to glorify Nazi criminals and collaborators, the rise of anti-Semitism and especially the extensive campaign lauding the Schutzstaffel â˜ï¸ https://t.co/ThRX7bkhfX"
5,2021-07-01 10:23:22+00:00,"ğŸ‡·ğŸ‡º President Vladimir #Putin says he has been immunized with #Russiaâ€™s #SputnikV #COVID19 vaccine.

ğŸ’¬ â€œI chose to be vaccinated with Sputnik V, especially considering that the military are getting vaccinated with Sputnik V, and I am their Supreme Commander, after all.â€ https://t.co/Y129CIRJQE"
6,2021-07-01 10:17:27+00:00,"#Ukraine vs #England-Who's scoring first? Could be a Â£20 voucher OF YOUR CHOICE for the right answer. 
TO ENTER: 
Follow us
Retweet this postâ¤ï¸
Reply with your answerğŸ’ªâš½ï¸
UK entries only. One entry per person. Ends: after the match on Saturday! Good luck!ğŸ¤#euro2020 #prize #win"
7,2021-07-01 08:56:54+00:00,"President #Putin: Whatever sanctions are introduced against #Russia, it keeps developing. Russiaâ€™s economic sovereignty is strengthening, defence capabilities reached a very high level â€“ some of its key parameters surpassed those of many counties of the world, including the US https://t.co/FGWm15IlIO"
8,2021-06-30 22:03:15+00:00,Awesome result for my friend @jksheva7 Congrats mate #Ukraine !!! Now itâ€™s  time to hammer those poms Saturday night hahahaha ğŸ‘ğŸ»ğŸ‘ğŸ»ğŸ‘ğŸ» https://t.co/0gpyL09HPZ
9,2021-06-30 20:26:39+00:00,"ğŸ™President Vladimir #Putin:

ğŸ’¬Why is #Ukraine not listed among unfriendly countries? This is because IÂ do not regard Ukraine asÂ aÂ country unfriendly towards #Russia. IÂ have noted many times, andÂ can repeat once again: inÂ myÂ opinion, Ukrainians andÂ Russians are aÂ single people. https://t.co/Rq5pDgt9gn"
10,2021-06-30 19:57:03+00:00,"#Putin today said ""I believe Ukrainians &amp; Russians are one people. I am going to write special analytical article, and hope people in #Russia as well as in #Ukraine will get familiar with it.""

Will he analyze illegal seizure of Crimea or conflict Kremlin provoked in Donbas? ğŸ¤” https://t.co/kPi6tk7uOh"
11,2021-06-30 19:22:07+00:00,"Meanwhile on #Russia's state TV: Putin, Putin and more Putin. https://t.co/a57pAU3VfD"
12,2021-06-30 14:58:25+00:00,"Ambassador Andrei #Kelin to @Telegraph: UK exploits idea of ğŸ‡·ğŸ‡ºmilitary ships ""regularly visiting British waters"", creating impression of frequent violations of ğŸ‡¬ğŸ‡§sovereignty by #Russia. Yet there were NO violations of #UK territorial waters/air above it.
ğŸ“°https://t.co/HPNVGmP5di https://t.co/bxOfENWIxd"
13,2021-06-30 10:49:52+00:00,"Meet the #ancestors: ğŸ´ó §ó ¢ó ¥ó ®ó §ó ¿#England v ğŸ‡ºğŸ‡¦#Ukraine in #Euros2021. #Cousin playing Cousin.                           50% of Britons' #DNA comes from the ancient Ukrainian Yamnaya Culture (#Nature:  https://t.co/6d4H4qsjON) &amp; Science: https://t.co/cBj8pul48c
#Euro2021 #football #ENGGER"
14,2021-06-30 08:10:16+00:00,"congratulations to my Ukrainian friends! As a #Sweden supporter this loss was painful but as a long-time observer &amp; friend of #Ukraine, it is a loss I can take. Now, please win on sat! #SWEUKR"
15,2021-06-30 01:54:09+00:00,When did the #GQP become so anti-#American and worship #Putin and  #Russia? They are Traitors to #America!!
16,2021-06-29 21:48:15+00:00,"No matter what #EthiopiaPrevails
No matter what #EritreaPrevails
Now is the time for the two proud sovereign nations to celebrate victories and commence a new journey to ensure peace, devt &amp; prosperity! 
Thank You #Russia #China @uaegov &amp;  friends! #Ethiopian #Eritrean #ENDF #EDF https://t.co/j7IxN9PVfD"
17,2021-06-29 21:44:16+00:00,Hmm... Now who to support on Saturday? #ENG V #Ukraine #Euros2021 https://t.co/247IHlDFFs
18,2021-06-29 18:51:57+00:00,"From #Russia's point of view sinking a British ship might well be the best solution next time. Because once it happens, it will be impossible to conceal from the western public opinion that its â€œleadersâ€ are reckless, incompetant, delusional and dangerous
https://t.co/3SPZrmjR3h"
19,2021-06-29 15:33:46+00:00,"The US govt. already shapes news coverage of #Russia, now it doesn't even want Americans to visit! Twain said ""Travel is fatal to prejudice."" Maybe that's why it's considered dangerous: people shouldn't travel because what they see might contradict what leaders &amp; press tell them. https://t.co/PVY8dusc81"
20,2021-06-29 14:59:00+00:00,"#China-#Russia cooperation driving force of new era
https://t.co/RZbQ4h7LM2"
21,2021-06-29 13:30:41+00:00,"Inspiration ğŸ”¥ğŸ”¥ @TeamKhabib 

 #womensmma #girlfighter #india #russia #mma #combatsports https://t.co/1umWW00fga"
22,2021-06-29 13:16:32+00:00,Getting ready to enjoy the ğŸ‡ºğŸ‡¦ ğŸ‡¸ğŸ‡ª game in ğŸ´ó §ó ¢ó ³ó £ó ´ó ¿ this eve #GoUkraine (and good luck @TobiasThyberg ğŸ˜Š) #Ukraine #Euro2021 https://t.co/x1efOJ10NL
23,2021-06-29 11:47:05+00:00,"As #Belarus ends partnership with #EU, Minsk plans to merge tax system with #Russia &amp; establish common markets for energy and transport. 
https://t.co/wxznxDUmjC"
24,2021-06-29 09:57:11+00:00,Iâ€™ve seen a lot of Taras Shevchenko statues in #Ukraine. This one is definitely the mostâ€¦experimental version Iâ€™ve encountered https://t.co/qCjjh4s8Ix
25,2021-06-29 09:35:46+00:00,"Excellent meeting with my colleague @HelgaSchmid_SG in beautiful #Hofburg. Many important topics were on the agenda â€“ such as #Ukraine, the #Nagorno-Karabach conflict and other security challenges. #OSCE2021SWE https://t.co/gJqgdfdW0s"
26,2021-06-29 08:53:59+00:00,"Under the strategic guidance of President Xi Jinping and Russian President Vladimir Putin, #China-#Russia ties have entered the best period in history with solid political mutual trust and mutual benefits, FM spokesperson Wang Wenbin said on Tuesday. https://t.co/uvg7zMFxzL https://t.co/0dLydqeyrv"
27,2021-06-29 07:41:34+00:00,"Hmm, interesting framing here. Now who looks like the junior partner as Xi, and Putin announce the extension of the #China-#Russia friendly cooperation treaty?ğŸ¤” https://t.co/naaW2oaqcH"
28,2021-06-29 02:00:05+00:00,Min Aung Hlaing returns from #Russia | Mizzima #Myanmar News and Insight https://t.co/OJ1OVcb9zj https://t.co/Hxf2zJpARA
29,2021-06-29 00:17:35+00:00,"President Xi and President Putin announce the extension of the #China-#Russia Treaty of Good-Neighborliness and Friendly Cooperation.
https://t.co/ATd9IDLwP6"
30,2021-06-28 15:54:29+00:00,"#Gold #China #Russia #BASEL3 #CentralBankDigitalCurrencies 
THIS IS INSANE, nobody else is noticing what's going on? Listen to this, and you tell me what are your thoughts...
Full YT Video: https://t.co/F6nAcWK512 https://t.co/n3pOfmAmwo"
31,2021-06-28 14:04:13+00:00,"-Guided by the Treaty, #China and #Russia will stay focused and forge ahead together no matter what kind of bumps or difficulties may lie ahead."
32,2021-06-28 14:04:08+00:00,"On the afternoon of 28 June, President Xi Jinping had a video conference with #Russian President Vladimir Putin in Beijing. They announced the extension of the #China-#Russia Treaty of Good-Neighborliness and Friendly Cooperation."
33,2021-06-28 13:05:39+00:00,"This is the most bizarre video from #Moscow, #Russia, today. 

Moscow had a day of torrential rain, with the rainfall equivalent to 70% of monthly norm.

https://t.co/3UsExwuXSz"
34,2021-06-28 10:04:25+00:00,"The French have always been one of the most formidable opponents for the Russians. They even managed to seize Moscow once, where they nearly blew up the â€œheart of #Russiaâ€ - the Kremlin.
https://t.co/GtkmtltHUT"
35,2021-06-28 03:59:01+00:00,"Murderous coup leader Min Aung Hlaing visits Kazan Helicopters in #Russia, which sells Mi-17 ğŸš  to Myanmar. Military's waiting for Su-30 fighter jets &amp; has contracts for air defence system &amp; tactical surveillance drones as they cont. to commit #WarCrimes https://t.co/M3ZapkfDZV https://t.co/IXfAbFgL6g"
36,2021-06-28 01:16:21+00:00,"We Syrians invited #Russia &amp; #Iran to help us fight the U.S. &amp; Israeli-backed terrorists.

If not for Russia &amp; Iran, #Syria would've been balkanized and divided among terrorist warlords, the U.S. &amp; Israel.

If not for Russia &amp; Iran, Syrian Christians like me would no longer exist https://t.co/AYipitEAh6"
37,2021-06-27 20:27:49+00:00,"Tucker is on #Russia's state TV again, I am so used to seeing his clips there. No wonder some of the Kremlin propagandists refer to him as ""practically their co-host."" https://t.co/m9dgaeXqj4"
38,2021-06-27 19:58:03+00:00,"Alexa, show me an approaching Train Wreck in slow motion....

(2 of the many dissections of @AaronJMate's disinfo &amp; #Syria War Crimes Denial, supported by #Russia &amp; #Assad regime

https://t.co/mwPHc7lL51

https://t.co/3QuxmExlzh https://t.co/v51dmBUSll"
39,2021-06-27 18:19:50+00:00,"It makes my day!
According to exit polls, the far right and pro-Putin and pro-Assad candidate Thierry Mariani lost widely and will not be the president of the #PACA region.
Putin's #Russia won't invade France!
ğŸ¾ğŸ¾ğŸ¾ğŸ¾ğŸ¾ğŸ¾ğŸ¾ https://t.co/TuPd0jzJ2K"
40,2021-06-27 17:19:59+00:00,"BREAKING: ğŸ‡ºğŸ‡¸ @USMC #Marines have arrived in ğŸ‡ºğŸ‡¦ #Ukraine to participate in #ExerciseSeaBreeze! #SB21 is an annual exercise held in the #BlackSea!

@2dMarDiv Marines are supporting the exercise along with up to 30 other countries! #FollowMe #SendTheMarines https://t.co/5zX47jLkXT"
41,2021-06-27 15:01:48+00:00,"One of them is making almost daily appearances on #Russia's state TV.
https://t.co/EYcCclNbWd"
42,2021-06-27 14:14:53+00:00,"ğŸ”¥FBI agents raided the home of George Dickson III, a marijuana entrepreneur who partnered with @RudyGiulianiÂ to line up financing for a never-completed film advancing bogus claims about Joe and Hunter Biden and #Ukraine.

Justice is coming.ğŸ˜
https://t.co/DrKiRxXNe2"
43,2021-06-27 13:36:57+00:00,Itâ€™s now crystal clear (not highly-likely) that the whole stunt was a brazen provocation which could easily lead to a full-scale war. Is this the aim of UK foreign policy - to provoke a war with #Russia? What do British voters and taxpayers think about this? #Defender #Crimea https://t.co/pjDmUOG4q4
44,2021-06-27 12:07:44+00:00,"What Did the #UKâ€™s Ministry of Defence Hope to Accomplish by Lying That #Russia Did Not Fire Warning Shots at HMS Defender?
https://t.co/GllQ1SK8AG"
45,2021-06-27 12:01:13+00:00,"#Russia Launches Mediterranean Drills With Hypersonic-Armed Jets At MomentÂ #UK Carrier Is In Area
https://t.co/XCG48XOZZZ"
46,2021-06-27 07:34:41+00:00,ğŸš¨ğŸ‡¬ğŸ‡§50 pages Classified Ministry of Defence documents containing top secret details about #Russia and HMS Defender and the British military have been found in a soggy heap behind a bus stop in #Kent. https://t.co/cvfQgyZaZ1
47,2021-06-27 01:37:25+00:00,Meanwhile in #Russia: https://t.co/2Uagphk36e
48,2021-06-26 14:24:24+00:00,"-Hold your horses
-Kamov-226T is coming soon as replacement for Cheetah &amp; Chetak of #IndianArmy &amp; #IndianAirForce  
-Total 200 helos, 60 in #Russia, 140 in #India
-#AtmaNirbharBharat component will keep increasing in 4 phases
-#French company Safran will supply Arrius 2G1 engine https://t.co/TuaJM2NKPs"
49,2021-06-26 13:34:46+00:00,"China welcomes #Ukraine's move withdrawing its support for an anti-China joint statement at #UNHRC 47th session, which embodies the spirit of maintaining autonomy and seeking truth from facts, and is also in line with the UN Charter and basic norms of intl relations: Chinese FM https://t.co/jcc8KThtQx"
50,2021-06-25 17:33:07+00:00,#Officially - #Russia has announced that it will liquidate all #USdollar assets from the sovereign wealth fund within the next 4 weeks. https://t.co/byfjZ65f04
51,2021-06-25 15:23:27+00:00,"BREAKING. #Russia's ginormous 'special mission' submarine #Belgorod has sailed for the first time. 

You heard it here first. 

https://t.co/RCuD8T11KB"
52,2021-06-25 12:12:23+00:00,"AN-225 returned to #Ukraine after a successfully  commercial flight.

Late night, on June 24, the #AN225 landed at the #Kyiv-#Antonov-2 airport after a successful commercial flight.
#avgeek @AirlinesAntonov https://t.co/LGkMunQEth"
53,2021-06-25 11:26:20+00:00,"The incendiary incident was a deliberate provocation by Britain. #Russia hasÂ warnedÂ London not to provoke it again in the Black Sea.
#WWIII 
https://t.co/7S2n0pzaw7"
54,2021-06-25 09:03:48+00:00,"ğŸ’¬FM Sergey #Lavrov: @NATO's activities designed to contain #Russia  are building up military &amp; political tensions in #Europe.

â˜ï¸ #NATO does not want to interact at the military level. Thereâ€™s this â€œdemocratic allianceâ€ for you.

ğŸ”— https://t.co/6n45e8mUQz https://t.co/Zaiz7NzH7U"
55,2021-06-25 06:49:10+00:00,"ğŸ’¬ FM Sergey #Lavrov: ğŸ‡·ğŸ‡º #Russia and ğŸ‡¬ğŸ‡¹ #Guatemala are bound by a long-standing friendship. We acknowledge progress in our political dialogue in identifying promising areas of cooperation and agreed to step up our joint work in practical matters.

ğŸ”— https://t.co/mZ0sRPGyHL https://t.co/PgRC3TOD1Q"
56,2021-06-25 05:53:36+00:00,"Some honest engagement between #EU and #Russia would make sense - the alternative is nonsense. And given the irrational nature of much of the anti Russia rhetoric coming from the EU, the initiative should come from the EU side... https://t.co/QWnxZaxKOQ"
57,2021-06-25 05:52:26+00:00,"Racist &amp; bigoted @Russian_Council propaganda from Gleb, #Russia's Ambassador Extraordinary. He calls #Rohingya ""immigrants"" + ""Myanmar Kosovars""ğŸ˜¡  Gleb argues military's removal would deprive #Myanmar of ""internal bonds that ensure unity &amp; sovereignty"" ğŸ‘‰ğŸ½ https://t.co/p7Y2jsOF0E https://t.co/HxOo2yfdM8"
58,2021-06-25 02:38:34+00:00,"The #UK Defender incursion in ğŸ‡·ğŸ‡º waters was the planned test: checking ğŸ‡·ğŸ‡ºreaction time, recording communications on land, sea and air, radar frequencies etc. Plenty of material for analyses. 

It is not the last one. #Russia #Ukraine #BritishGP https://t.co/enjTpbfZai"
59,2021-06-25 01:58:45+00:00,"ğŸ”»
1âƒ£ @PentagonPresSec John Kirby's accusations against #Russia in disinformation on the incident with HMS Defender (a.k.a. Aggressor) are groundless. What happened was recorded and published by FSB RF: 
ğŸ”»
https://t.co/tAqGlgiazL https://t.co/550rJlXxob"
60,2021-06-24 21:43:04+00:00,Recently we observed in Vienna a number of cases when #EU colleagues tried to avoid and prevent discussion of topics which they perceive as uncomfortable for them. Rather strange. #Russia is more open-minded. As a rule we donâ€™t refrain from disputes on matters which we donâ€™t like
61,2021-06-24 18:56:51+00:00,"At the UNSC today, #France effectively equated the Wagner Group and Islamist ex-Seleka rebels as comparable threats to Central African Republic's security. 

This will sharpen tensions between France and #Russia throughout Africa."
62,2021-06-24 16:19:59+00:00,Russia tells #Myanmar junta leader Sr. Gen. Min Aung Hlaing that it is committed to helping provide the #Tatmadaw with support to kill more Burmese people. Wondering how #Russia's @EmbassyMyanmar will explain this to those killed by #Burma's soldiers. https://t.co/Wu080pJgry https://t.co/LkmjNB9wv1
63,2021-06-24 15:36:36+00:00,"Perfect stance from the Prime Minister of Lithuania.
Since 21 years, Putin has won because of our lack of intelligence, strategic understanding, and resolve.
Any kind of re-engagement with Putin's #Russia would be fool's game, and jeopardize #Europe's security.
Period. https://t.co/1tUJpSjOZY"
64,2021-06-24 15:19:21+00:00,"#Russia's sole aircraft carrier to rejoin the fleet in late 2023

https://t.co/DnzrGsfs8m"
65,2021-06-24 15:12:43+00:00,"Okay all jokes &amp; memes aside, by giving a genocidal dictator (who btw is also globally condemned) an honorary degree, #Russia just showed the intlâ€™ community once agn that it does not give a shit. 
So dear world leaders, do you still plan to continue to sit &amp; just take that? https://t.co/Fx05xxQ2Vg"
66,2021-06-24 14:43:26+00:00,"The #Russians confirmed it
The #MoD denied it
The #DailyMail and #BBC reported it
But who ordered it and what for?

#RoyalNavy #Crimea #Russia"
67,2021-06-24 13:36:20+00:00,"President #Putin: #Russia is open to honest &amp; constructive interaction. This is confirmed by our idea of creating a common space of cooperation &amp; security from Atlantic to Pacific Ocean which would comprise various integration formats, incl #EU and #EurasianEconomicUnion. https://t.co/C2zHt5aA1I"
68,2021-06-24 11:49:32+00:00,"#Crimea's Deputy PM says the #UK must be added to the list of unfriendly countries in light of HMS Defender's provocation.
#Russia 
https://t.co/qcHNUu5c4P"
69,2021-06-24 09:24:23+00:00,President #Putin: Many countries were forced to face an artificial choice of being either with the West or with #Russia. The Ukrainian tragedy of 2014 is an example of the consequences that this aggressive policy has led to. https://t.co/T1YmHxwdZf
70,2021-06-24 06:53:48+00:00,"#Gazprom is limiting gas supplies to #EU despite strong demand, driving up prices. Gazprom exploits its market power to squeeze EU customers and to ramp up political pressure re #NordStream2. Anyone still believing in Berlin's #Ukraine transit guarantee? https://t.co/VwO8TwFTT3"
71,2021-06-24 00:11:31+00:00,"Tensions ran high on #Russia's state TV, where a lawmaker claimed that a Russian Su-24 attack aircraft is equipped with special radio-electronic warfare equipment that would have British seamen go prematurely gray &amp; all of their cell phones &amp; equipment would be drained of power. https://t.co/19n5YtaltJ"
72,2021-06-23 21:28:43+00:00,"Do all UK Naval vessels have reporters on them all the time just in case something interesting happens?

What a coincidence. ğŸ¤·

#Russia"
73,2021-06-23 18:46:01+00:00,"It's time to sound the alarm on #Turkey. Under an authoritarian leader, a once-reliable NATO ally is turning its back on democracy and embracing #Russia. I'm pleased to join the @turkish_project advisory council to shine a light on the darkening situation.Â https://t.co/XgR38nqxCy"
74,2021-06-23 17:15:06+00:00,#NATOaggression UK #HMSDEFENDER escalation and provocation on #Russia #Crimea borders https://t.co/vgLb98HwtG https://t.co/DJ1FJwvDXz
75,2021-06-23 15:38:00+00:00,"Dialogue is good, but one must know what is meant to be achieved &amp; realistically can be achieved. It also must be clear: ğŸ‡ªğŸ‡º #Russia policy cannot be made by Western Europeans only. The Central &amp; Eastern Europeans are crucial here &amp; must play an active part.https://t.co/XTelSnyx2P"
76,2021-06-23 15:07:42+00:00,"President #Putin: #Russia has sought to develop its relations with #EU following the logic of building a Greater Europe united by common values and interests. Regrettably, a different approach has prevailed in EU, based on the expansion of #NATO, a relic of #ColdWar. https://t.co/3YktEOmIwk"
77,2021-06-23 14:09:30+00:00,"ğŸ’¬#Zakharova: We are bewildered by @jrpsaki's statement that the #US will not â€œpreview its punchesâ€ at targets in #Russia in response to cyberattacks. 

â˜ï¸ We hope that the awareness of the need to hold direct and meaningful #RussiaUS talks on cyber security will prevail. https://t.co/nIk4CeB8Ru"
78,2021-06-23 12:10:56+00:00,"#Russia #HMSDefender 
@RoyalNavy ships are never called ""The HMS XXXX"".
They are ""HMS XXXX"" otherwise it would be ""The Her Majesty's  Ship XXXX"", which is ungrammatical &amp; inaccurate."
79,2021-06-23 11:49:00+00:00,President #Putin spoke with German Chancellor Angela #Merkel. Overcoming hostility and achieving reconciliation between people of #Russia and #Germany was crucial for #Europeâ€™s post-war future. Ensuring security on our common continent now is only possible through joint efforts. https://t.co/5JxDFX9LJv
80,2021-06-23 10:58:14+00:00,Russian Su-24 made warning bombing near HMS Defender (D36) in Black Sea according to Russian Defense Ministry https://t.co/8lJBno3mA3  #Ukraine
81,2021-06-23 07:22:45+00:00,"On June 2ï¸âƒ£2ï¸âƒ£, on ğŸ•¯ #DayOfRemembranceAndSorrow H.E.Ambassador of ğŸ‡·ğŸ‡º #Russia Anatoly Viktorov took part in a wreath-laying ceremony at the Monument to the victory of the Red Army over Nazi Germany in Netanya. #GPW80 #RememberJune22 #OurCauseIsJust https://t.co/NTZfFXWNoN"
82,2021-06-23 02:54:03+00:00,#Myanmar junta leader thanks #Russia for boosting #military | Mizzima Myanmar News and Insight https://t.co/lKfWhrhp0l https://t.co/xKZdUDOZkt
83,2021-06-22 17:57:33+00:00,"ğŸ´â€â˜ ï¸ Judge blocks legal challenge over government failure to investigate #Russian election interference! 
FT @AlynSmith MP. #Russia Report.
We need your help to grow!
Follow: @torysleazeUK
Fundraiser: https://t.co/lJRm6EWK1y
Subscribe; https://t.co/JVsg1vlIz2 https://t.co/AzNXVIbkzz"
84,2021-06-22 17:00:56+00:00,"#China and #Russia act and interact as responsible major countries, unlike USâ€™ indulgence in small tricks and bully politics, to rally allies against adversaries. Stable China-Russia ties also add momentum and fortify regional security amid US-left chaos. https://t.co/yQSSBIWOsd https://t.co/DA6OepvhaX"
85,2021-06-22 16:05:17+00:00,"#Russia Practices Destroying Enemy Carriers In Pacific Drills Sending #US Alarm Bells Ringing
https://t.co/C8R9tPtUtf"
86,2021-06-22 15:36:02+00:00,"ğŸ’¬ Vladimir #Putin: We will preserve the memory &amp; truth about #GreatPatrioticWar. We do our best to keep ğŸ‡·ğŸ‡º#Russia a great and mighty power, &amp; will always be grateful to the victors who stepped into eternity &amp; gave us the legacy of life and peace â˜ï¸

ğŸ”— https://t.co/CICnYDzf1r https://t.co/hlAnZBycZ7"
87,2021-06-22 15:32:29+00:00,"Again denying agency to Ukrainian people, #Putin asks ""Why did USA organize the coup [#Ukraine, 2014]"" and asserts ""#Europe actively supported the unconstitutional armed coup.""

Has he repeated this fiction so many times now that he actually believes it? ğŸ¤” https://t.co/J7tPZQb0jT"
88,2021-06-22 15:14:49+00:00,A concise assessment of #Russiaâ€™s approaches to todayâ€™s world and a diagnosis of its diseases which are to be cured for the benefit of all of us. A must-read for those seeking to better understand our position #Putin #RememberJune22 #RemembranceAndSorrowDay https://t.co/DmRfryDlc7
89,2021-06-22 12:57:29+00:00,"A Staunch hardliner #EbrahimRaisi is elected as the new #President of #Iran. At the same time, Iran is showing proximity with #Russia, #China &amp; #Pakistan. What will be implications on #India as well as rest of the world? 
My Piece in @EconomicTimes today.

https://t.co/w0GCiy41MF"
90,2021-06-22 08:57:02+00:00,"Nobody can win against #COVID19 alone. Lithuanian Government donated 20,000 AstraZeneca vaccine dozes to #Taiwan and 126,000 dozes to #Ukraine, #Moldova, and #Georgia (a part of 200.000 donation to all EaP countries). We believe that we are #StrongerTogether ğŸ¤ğŸ’ª"
91,2021-06-22 06:27:19+00:00,"The Russian Security Council's press office shows #Russia's Security Council Secretary Nikolai Patrushev (L) and #Myanmar's military chief Min Aung Hliang (R) during their meeting in #Moscow, Russia, 21 June 2021. Min Aung Hliang is on a working visit in Russia. EPA-EFE https://t.co/th5LJiTWyC"
92,2021-06-22 05:40:33+00:00,I have just RT several posts &amp; threads on the #Russia Report; the fact MPs are having to take @BorisJohnson to court today to implement security protocols that the security services have asked for disgraceful; I will be watching the case closely l!
93,2021-06-21 21:30:22+00:00,"In ğŸ‡·ğŸ‡º #Russia June 22 is #RemembranceAndSorrowDay.

2021 marks 8âƒ£0âƒ£ years since the start of the #GreatPatrioticWar.

ğŸ•¯ï¸ On this day we remember the 27 mln Soviet citizens who perished by the hand of the Nazis. In their sacred memory #CandleOfMemory are lit by the thousands ğŸ•¯ï¸ https://t.co/GmU5cL376w"
94,2021-06-21 21:06:43+00:00,Things weren't looking good for #Russia Manager Stanislov Cherchesov from the moment he drank that #CocaCola shite... https://t.co/1Ph7ZSHgNE
95,2021-06-21 20:52:15+00:00,"The ones who don't take the knee take a hike!! 

Merry Xmas!! Cheers!!âœŒğŸ¾âœŠğŸ¾âœŠğŸ¾

#Euro2021 
#Russia ğŸš® https://t.co/EKGpZYkNG4"
96,2021-06-21 20:06:02+00:00,"Someone, likely Russian football fans in #Copenhagen where #Russia is playing against #Denmark (and is losing), did this to the statue of Ukraineâ€™s most renowned writer â€“ Taras Shevchenko. https://t.co/y6eVJyz4G0"
97,2021-06-21 18:40:16+00:00,"MFA spox #Zakharova: #Russia is guided by the fundamental Helsinki principles of non-interference in internal affairs, cooperation between states and conscientious implementation of commitments under international law. https://t.co/xCug5HaZlT"
98,2021-06-21 17:55:01+00:00,"""It's very important that President Biden named Navalny. It's important that pro-democracy supporters in #Russia hear that voice of support and solidarity coming from the United States,"" says @McFaul on Biden's post-summit press conference. #BidenPutinFSI https://t.co/uD5w4R8Mby"
99,2021-06-21 17:32:54+00:00,"#Turkey's strategy for influence in Eurasia has 4 planks:

1) Expanded ties in Central Asia based on Pan-Turkism

2) Closer trade and security relations with #Ukraine and #Georgia

3) Alliance with #Azerbaijan

4) Investment in #Russia's Muslim regions, especially Tatarstan"
100,2021-06-21 17:25:45+00:00,"#Turkey is offering to help #Ukraine bring its navy to NATO standards.

This has sparked immediate backlash from #Russia.

Sergei Lavrov plans to hold discussions with Turkey on its efforts to pull Ukraine into NATO."
101,2021-06-21 16:51:05+00:00,"China and #Russia will undoubtedly have blunt responses for #Sullivan, who just came off like an arrogant and petulant schoolboy. And if he has an ounce of self-respect, heâ€™ll feel the force of those responses blowing his spittle back in his face: Editor-in-Chief Hu Xijin #HuSays https://t.co/36urp3JzRQ"
102,2021-06-21 15:17:48+00:00,"Hi! If you want to go to #Russia, you should read this. 

Especially if you've served in the U.S. military. 

OrÂ if you're a woman who's worried about the domestic violence situation in the country. It's serious, and yes, loosened DV laws can affect you.

https://t.co/bcPMnfe71h"
103,2021-06-21 10:06:10+00:00,"(New poll)
The most important figure in #Russia's history according to Russians:
_ Stalin (39%)
_ Lenin (30%)
_ Pushkin (23%)
_ Peter the Great (19%)
_ Putin (15%)
_ Gagarin (13%)
_ Zhukov (12%)
_ Brezhnev (10%) https://t.co/9P9jp2iJD2"
104,2021-06-21 08:00:00+00:00,"Luis Elizondo: #UFO are not from #Russia.
https://t.co/4gGiP9tKgb https://t.co/c3b9PdBAEM"
105,2021-06-21 04:30:03+00:00,"Partners in crime ğŸ˜ ğŸ‘ğŸ½  Coup leader &amp; #WarCriminal Min Aung Hlaing is visiting #Russia, ally &amp; major arms supplier to #Myanmar military to attend Moscow Conference on int. Security. 870 ppl have been killed since the coup! Impose global arms embargo now! https://t.co/A7ro98t9mt https://t.co/4Kr1vCklK8"
106,2021-06-21 04:00:55+00:00,"#Russia shows support for #Myanmar's bloody crackdown on its people by inviting illegitimate junta chair Min Aung Hlaing to #Moscow. Shame on @GovernmentRF @mfa_russia @KremlinRussia_E for selling arms, giving political backing to rights abusing #Tatmadaw! https://t.co/RihP5KW8fO https://t.co/SaDPBOEBqp"
107,2021-06-20 20:25:01+00:00,"â€œThe idea that we have held back security assistance to Ukraine is nonsense,â€ @PressSec Jen Psaki said.

The @WhiteHouse is denying reports that alleged it blocked military aid to #Ukraine ahead of the #GenevaSummit2021. https://t.co/gUz8XbhlHG"
108,2021-06-20 13:46:00+00:00,"MFA spox #Zakharova: #EU is trying to position itself as a â€œguardianâ€ of international law, yet is not bringing any influence to bear on Kiev, moreover, even encourages #Ukraine leadership to subvert #MinskAgreements. https://t.co/3loAt28zbg"
109,2021-06-20 12:49:39+00:00,"One of my favourite corners of Shevchenko Park in #Kyiv, #Ukraine. But there's one guy who needs to invest in a new plastic bag for his chess set. https://t.co/P6k9DreTd3"
110,2021-06-19 18:25:14+00:00,"Potentially interesting stuff in #Russia/n domestic &amp; foreign policy as 
#Putin names #Lavrov, #Shoigu to United Russia elections list.
Lavrov may thus end up in State Duma later this year. Shoigu may too, but may also emerge as a successor to Putin
https://t.co/qPOq2XXCee"
111,2021-06-19 16:35:09+00:00,"4. Beyond @AaronJMate's disinfo, what is interesting is his move from denier of #Syria chemical attacks to position that chemical attacks were ""false flags"" by anti-#Assad forces

In other words, he's now aligned w Assad regime, #Russia State, &amp; fringe conspiracy theorists. https://t.co/mQ75J6Ifh8"
112,2021-06-19 15:31:43+00:00,"After the summit, #Russia's state media has been mocking and berating #Ukraine, claiming that it was barely mentioned during the #GenevaSummit2021, because America no longer cares. It's a shame that the GOP decided to participate in the Kremlin's info-op.
https://t.co/tOJ8Z2az7T https://t.co/m15N2b5nmZ"
113,2021-06-18 18:00:34+00:00,"#US @WhiteHouse freezes $100 million military package for #Ukraine that includes lethal weapons.

Why, @POTUS &amp; @StateDept?

https://t.co/UX1CwoRuXt"
114,2021-06-18 14:27:43+00:00,"#NATO Allies deeply regret the notification by #Russia of its decision to withdraw from the Open Skies Treaty, an important legally binding instrument which contributes to transparency, security &amp; stability, and mutual confidence in the Euro-Atlantic area. https://t.co/dpIjFciBnb https://t.co/eJPU89FcGz"
115,2021-06-18 14:26:29+00:00,"Endangering Human Life for Profit &amp; Regional Dominance should be a Universal Crime ~Suzy Kassem
Lets Name and Shame #China, #Russia &amp; Dictator #Afwerki for taking Part in #TigrayGenocide to Safeguard their interests. 
#TigrayCrisis #SiyadArts https://t.co/LgrGauVohb"
116,2021-06-18 11:53:47+00:00,"There are too many facts that reveal the #US' threats and pressure against #Russia while Biden's accusation of #China ""squeezing"" Russia is completely baseless. 
https://t.co/QfJ5wBGskb"
117,2021-06-18 02:01:04+00:00,"Sen. @RonJohnsonWI â€” the guy who **went to #Russia on our #IndependenceDay in 2018** â€” falsely claimed that @POTUS Biden is â€œcompromisedâ€ by Russia.

WRONG.

Ron and the rest of the treacherous @GOP are a wholly-owned subsidiary of the Kremlin.ğŸ¤¬

#PutinsGOP #CorruptGOP https://t.co/zWFkAzgY3N"
118,2021-06-17 16:09:40+00:00,"#Russia's state media is trashing Biden's gifts, they didn't like them. Stay classy, Russia. If you can.
#GenevaSummit2021 #GenevaSummit https://t.co/RMHGa8YtwC"
119,2021-06-17 15:34:14+00:00,"#Russia's state media is quoting Trump, who is claiming that Russia ""won"" in Geneva. Spoiler: I don't see them proclaiming any victories. That only happened after #Helsinki.
#GenevaSummit2021 #GenevaSummit https://t.co/zGlqYMRVY3"
120,2021-06-17 13:45:49+00:00,"ğŸ’¬ #Zakharova: We noted statements by Swedish Armed Forces Supreme Commander Per M. Byden on a growing threat to national security, naming #Russia as a potential aggressor.

â˜ï¸This campaign to stir up phobias in ğŸ‡¸ğŸ‡ª Sweden serves to justify a buildup in defence spending. https://t.co/bmq0nNrrUh"
121,2021-06-17 13:14:14+00:00,"â€¼ï¸The @GOP was â€œpractically rooting for #Russiaâ€ at the #BidenPutinSummit. 

Itâ€™s INSANE that Republicans claim Biden is ""weak on Russia, when Trump acted like a wholly-owned subsidiary of the Kremlin for years.â€ğŸ’¥

#PutinsGOP #TrumpRussia @JohnAvlon 
https://t.co/EbTzHx3yvp"
122,2021-06-17 11:41:42+00:00,"Unable to make the transit of Russian gas through #Ukraine profitable and attractive again in front of Nord Stream 2, the country has confirmed its status as a beggar and parasite state, demanding compensation for the launch of the pipeline.
https://t.co/vpgmea3J6P"
123,2021-06-17 09:17:07+00:00,"Video of the day from #Kerch, occupied #Crimea. 

The head of #Russia|n occupation regional administration Aksyonov is inspecting a massive flash flood in the city from an inflatable. Three emergency services workers are swimming behind his boat:

https://t.co/bRJJLYW64Z"
124,2021-06-17 09:01:18+00:00,"Detailed explainer by @PatrickHilsman of April 2018 chlorine attack on #Douma that killed 43 people

Also dissects #Russia-led disinfo campaign, w #Assad regime and supportive activists, to deny #WarCrimes 

#Syria #OPCW https://t.co/G0SC0bKdtb"
125,2021-06-17 07:55:17+00:00,"#Russia is not a peacekeeper, neither in #Syria nor in #Ukraine. Itâ€™s an aggressor. Thatâ€™s the reality. We cannot speak about rules-based international order with Russian occupational forces being present in ğŸ‡ºğŸ‡¦ğŸ‡¬ğŸ‡ªğŸ‡²ğŸ‡©

#Occupation #Abkhazia #Tskinvali #Donbas #Crimea #Transnistria"
126,2021-06-16 22:06:10+00:00,"I have to applaud #JoeBiden...his ability to say this with a straight face is remarkable. In an attempt to describe #Russia, he perfectly described #America ğŸ¤¦ğŸ»â€â™‚ï¸ the result of our politicians believing #AmericaFirst should be the plan for the world ğŸŒ https://t.co/xY34luMaGI"
127,2021-06-16 19:12:42+00:00,"Interesting how little mention there was in both #Putinâ€™s &amp; #Bidenâ€™s remarks of #Ukraine. Putin only said that the issue of Ukraine in NATO was just touched upon,while #Biden said that he supported Minsk agreement. Looks like understanding to uphold status quo? #GenevaSummit"
128,2021-06-16 18:01:43+00:00,"The circus left but a clown is still thereğŸ¤£

#Ukraine ğŸ¤¡#ZelenskyğŸ¤¡:

""#Russia is preparing to capture Odessa, Kharkov and Kiev""

https://t.co/Ohe8Ujy8QW https://t.co/oEQJxER9PB"
129,2021-06-16 17:35:09+00:00,"Biden says he made it clear to Putin that consequences to #Russia would be ""devastating"" if Alexei Navalny were to die."
130,2021-06-16 16:56:06+00:00,"ğŸ‡·ğŸ‡ºğŸ‡ºğŸ‡¸Even inÂ periods ofÂ tension, #Russia &amp; #US are able toÂ make progress onÂ our shared goals ofÂ ensuring predictability inÂ theÂ strategic sphere, reducing theÂ risk ofÂ armed conflicts &amp;Â theÂ threat ofÂ nuclear war, that cannot be won &amp; must never be fought.

ğŸ”— https://t.co/V72I33CKxz https://t.co/xKbhjWKNig https://t.co/xi8V7mlH6B"
131,2021-06-16 16:38:22+00:00,"ğŸ‡·ğŸ‡ºğŸ‡ºğŸ‡¸ #RussiaUS Joint Statement onÂ Strategic Stability:

ğŸ¤ #Russia &amp; #US will embark together onÂ anÂ integrated bilateral Strategic Stability Dialogue inÂ theÂ near future. We seek toÂ lay theÂ groundwork forÂ future arms control andÂ risk reduction measures.

ğŸ”— https://t.co/V72I33CKxz https://t.co/qRtPeZyddd"
132,2021-06-16 16:35:43+00:00,"ABCâ€™s Reporter Rachel Scott @rachelvscott to #Russiaâ€™s Putin: â€œThe list of your political opponents who are dead, imprisoned, or jailed is longâ€¦what are you so afraid of?â€

Putin doesnâ€™t answer directly, mentions BLM: https://t.co/NNvjpOKcxf"
133,2021-06-16 15:51:13+00:00,"Breaking! ""#US and #Russia's ambassadors are going to return to their respective embassies in coming days"" - President #Putin"
134,2021-06-16 15:31:51+00:00,"#US plan to force Europe to fully decouple from #Russia and #China will cost the European countries 50% of their current combined GDPs, if Washington's useful idiots in power get their way who will repair this huge damage? Martians or the failed state with a 25 trillion $ debt?"
135,2021-06-16 15:21:57+00:00,"Say what? ğŸ˜‚ğŸ¤£
#Zelensky #Ukraine comedian https://t.co/bJgJs47u22"
136,2021-06-16 14:36:39+00:00,"Anti-US rhetoric permeates #Russia's state TV shows, even as Biden is meeting with Putin at the #GenevaSummit. Lawmaker on TV is foaming at the mouth: ""Pindosy [anti-American slur] are our enemies!"" He also threw in some racist comments I won't repeat.
https://t.co/hWSxNkOtBf"
137,2021-06-16 13:42:32+00:00,"#Putin, by slouching, is showing his disrespect for Prez #Biden and the #UnitedStates. #Russia #PutinBidenSummit #bidenputin https://t.co/RCcsrpK2rM"
138,2021-06-16 13:39:15+00:00,"#Russia's state TV host Evgeny Popov is rattled about not being admitted to Biden's upcoming press conference. Experts on his show, 60 Minutes, previously hoped out loud to flood the venue with Russian &amp; pro-Russian reporters, who would attempt to ""destroy"" &amp; ""humiliate"" Biden. https://t.co/zufPcj8BVG"
139,2021-06-16 12:48:08+00:00,"Over last 5+ years repeatedly been asked if #Russia Active Measures work. Over the last 24 hours I've repeatedly seen US conservative media, pundits, influencers adopt Putin's positions &amp; at times 'rootin for Putin' over their own President Biden. Yes, it matters, Yes it worked"
140,2021-06-16 11:56:53+00:00,#Putin and #Biden in Geneva for talks focused on #Russia-#US red lines and finding a way to avoid a possible nuclear war as result of Washingtonâ€™s imperialism on the Russian border. https://t.co/6R4wQAEphe
141,2021-06-16 11:45:16+00:00,".@POTUS talks tough but acts weak when it comes to #Russia:Â 

Extending New START Treaty w/o concessions,Â 

Waiving Russiaâ€™s Nord Stream 2 pipeline sanctions while cancelling our Keystone pipeline,Â 

Not demanding accountability for cyber attacks by Russian hacking groups."
142,2021-06-16 11:04:39+00:00,"A big day ahead in #Geneva today, as #Biden is set to meet #Putin within the hour.

There is simply no alternative to cross-border aid to northern #Syria -- #Russia cannot be allowed to starve millions into submission, using its UN veto in July. https://t.co/Cc2PgjBMHZ"
143,2021-06-16 10:44:51+00:00,"#Tigray famine. If you see photographs like these in the next few weeks remember one thing: it was #Russia and China that blocked action in the UN Security Council - repeatedly. 
Shameful! https://t.co/FUCF4x7InS"
144,2021-06-16 10:26:26+00:00,"THREAD
Why the summit in #Geneva will lead to no agreement between #US and #Russia:
_ Washington's elites believe they are entitled to meddle and carry out subversive activities (including coups) in countries all over the world, including on Russian border."
145,2021-06-16 05:20:40+00:00,"My latest @POLITICOEurope
Why Putin must lose, &amp; this word matters.
Btw democracies &amp; Putin's #Russia, that's a zero sum game: one must win, or it will lose.
The main issue isn't only to contain Russia, which would be a net gain for Putin, but to rollback.
https://t.co/aqKSAyoXRa"
146,2021-06-16 02:44:47+00:00,"Remember when Trump *sided with Putin over the US intelligence community* during their presser in #Helsinki:

â€œHe (Putin) just said itâ€™s not #Russia,â€ in DIRECT CONTRADICTION to the fact that #Russia interfered in the 2016 election.

TOTAL #treason.ğŸ¤¬

https://t.co/uw0RgyHd8f"
147,2021-06-16 02:38:58+00:00,"Trumpâ€™s total subservience to Putin in #Helsinki was treasonous, and his complete malfeasance on the coronavirus was deadly.

Unlike the coward Deborah Birx, Fiona Hill bravely testified publicly about Trumpâ€™s corrupt acts with #Ukraine. https://t.co/BHGAV0vg0J"
148,2021-06-16 02:32:59+00:00,"Experts on #Russia's state TV weren't sure about what to expect at the #GenevaSummit. They pointed out that it was easy for Putin to roll Keir Simmons, but Biden is much too experienced for Putin to pull a fast one. https://t.co/7X5LqiT42r"
149,2021-06-16 02:11:17+00:00,"In the run-up to #GenevaSummit, #Russia's state TV is bashing Biden, @McFaul, @Kasparov63 and the United States in general (see my pinned article). As usual, they're running lots of Fox News clips bashing Biden and  negatively comparing him to Putin. https://t.co/kQP7HbkF4B"
150,2021-06-15 19:55:52+00:00,"#Russia's President #Putin in his recent interview to NBC channel repeated #disinformation about ""the promise of #NATO not expanding Eastward"". Russia managed to create this myth that even penetrated into our Western academia and expert level debate. #narrative"
151,2021-06-15 19:46:49+00:00,"â€œMr. Putin has already gotten what he wants, an audience with a leader of the free world on a global stage.â€

@AMSimmons1Â Moscow Bureau Chief @WSJ weighs in on #US / #Russia relations ahead of the #Biden - #Putin summit. https://t.co/PLDHsUR15n"
152,2021-06-15 14:30:01+00:00,"The US govt has enabled the most brazen heist in its history. Up to 70% of the $400bn in fraudulent unemployment claims were funneled to criminal groups in #Russia, #China, &amp; #Nigeria. Yes, thanks to the US govt's incompetence, taxpayers have been fleeced.
https://t.co/gA5nebuXo0"
153,2021-06-15 14:10:04+00:00,"ğŸ Today is #WorldMotorcycleDay!

ğŸ‡·ğŸ‡º #Russia is widely known for manufacturing and exporting world-famous #Ural motorcycles, as well as for its biker culture - sure, you heard about the #NightWolves club.

ğŸ¥³ Congrats to motorcycle community and happy riding! https://t.co/yitvA4Lk6p"
154,2021-06-15 12:38:14+00:00,"Remote pitch of the day!
Today is an unusual one! Off to #Russia, Pechora sea and this oil platform pitch in Prirazlomnoye oil field âš½ğŸ‡·ğŸ‡º
@JustinWalley10 
@Gareth19801 @RUSNLF
@PatsFballBlog  @NonLeagueCrowd @Yokhin
@paul_c_watson @Matt_CAFC
@OverTheBarFB #FaroutPitches https://t.co/E3v2BDDWTi"
155,2021-06-15 11:45:06+00:00,"I published a new report @KASonline about #Sudan's  foreign policy. 

It covers

1) Sudan's balance between #UAE &amp; #KSA, vs. #Turkey &amp; #Qatar

2) Sudan's partnerships with #Russia and #China

3) Sudan's outreaches to #Israel, the US and EU

If you want a copy, comment/message me!"
156,2021-06-15 11:37:21+00:00,"Observers may wonder is there any point in #Putin meeting #Biden? After all it was Biden who requested the summit.
#Russia's willingness to engage, in spite of #US animosity, is a sign of political maturity in order to try to create a more peaceful world.Â 
https://t.co/FHHLPg5UG0"
157,2021-06-15 06:41:41+00:00,"No, @cnni,

Russia did not ""begin supporting separatists in #Ukraine's east"" as @RobynCurnowCNN just said.

There were no ""separatists"" there, historically. #Russia created that situation, where no local agency existed, and started the war to sustain it.

This is the true story."
158,2021-06-15 06:33:46+00:00,Joe Biden has been tougher on #Russia and #China in 5 months than Donald Trump was in 4 years!
159,2021-06-14 22:34:08+00:00,"ğŸ’¬ V.#Putin: There are matters that need a certain amount of comparing notes and identification and determination of mutual positions, so that matters that are of mutual interest can be dealt with in an efficient and effective way in the interests of both the #USğŸ‡ºğŸ‡¸ and #RussiağŸ‡·ğŸ‡º. https://t.co/jyYZg4g4oa"
160,2021-06-14 21:41:37+00:00,"Partially right. #Ukraine has more to do to qualify for #NATO membership.

But also true that NATO allies are not prepared to go to war with #Russia over Ukraine, which NATO Article 5 would seem to require if Ukraine joined while Russia still occupied Crimea and part of Donbas. https://t.co/Y0rXluhUGP"
161,2021-06-14 19:24:37+00:00,"BIG: #Ukraine President Zelensky says his country will be admitted to NATO.

US backs move. Biden is 2hrs 30 min late to his press conference https://t.co/IrAGXp9YkY"
162,2021-06-14 16:14:02+00:00,"Very interesting that this #NATOSummit and its closing press conference ended up focusing so much on #China. 

This is a military alliance for the North Atlantic, set up to counter #Russia. This is quite the expansion of its remit. Are European countries really on board?"
163,2021-06-14 15:00:45+00:00,"""We call on #Russia to urgently â€¦ identify, disrupt, and hold to account those within its borders who conduct ransomware attacks, abuse #virtualcurrency to launder ransoms, and other cybercrime."" https://t.co/mtTGCjM70X"
164,2021-06-14 12:47:25+00:00,"Mark my words: there will be real concentration camps for dissidents in Western dictatorships in matter of few years, this is why they talk so much about non-existent concentration camps in #China and #Russia, in order to have an excuse."
165,2021-06-14 12:09:03+00:00,"Congratulations to #SSEES @BlackerUilleam who was awarded a Paul Celan Translation Fellowship by @IWM_Vienna, where he will spend 3ï¸âƒ£ months working on a translation of Tamara Hundorovaâ€™s ğŸ“š The Emerging Word: The Discourse of Early Ukrainian Modernism ğŸ‡ºğŸ‡¦  #Ukraine https://t.co/7amSlOTU2T"
166,2021-06-14 10:44:37+00:00,Stressed the importance of a clear membership prospect for #Ukraine in a phone call with @BorisJohnson before the @NATO Summit. We're carrying out reforms under external aggression. It's time for #NATO partners to back ğŸ‡ºğŸ‡¦ by concrete decisions. Also discussed defense cooperation. https://t.co/HeIUggptyH
167,2021-06-14 09:20:23+00:00,"Dearest friends! Today is aÂ special, remarkable, andÂ festive day - 14th of June is a Day of glorious Hero City of #SevastopolğŸ‡·ğŸ‡º, known toÂ many asÂ a symbol ofÂ courage and heroism! Our warmest greetings to well-belovedâ¤ residents of #Sevastopol on that occasion!
#RussiağŸ‡·ğŸ‡º https://t.co/OVobaLXvrG"
168,2021-06-14 08:59:32+00:00,Can't wait to hear what @McFaul thinks of the book on Alexei Navalny I've written with @JanMattiD and @m_lallouet for @HurstPublishers and @OUPAcademic #Russia @UCLSSEES https://t.co/qbp5mtpkVY
169,2021-06-14 03:00:30+00:00,#Russia's state TV can't get enough of Putin's interview with NBC. It's been featured in every program I watched today. https://t.co/f41JENcMby
170,2021-06-14 02:32:30+00:00,"Looking past the senile features, like repeatedly confusing Libya with Syria, #Biden suggests that #Washington can work together with #Russia in #Syria . Obviously dissembling, but also signs of a strategic retreat in the making. From RT 14 June 2021. https://t.co/9XxYzT5ZWY"
171,2021-06-14 01:55:01+00:00,"President Biden said he agreed with President Putinâ€™s assessment that US-Russia relations are at a low point.

Biden said the US will not try to facilitate a conflict with #Russia, saying that the nations can try to reach agreements on key issues. https://t.co/afnr3PUrqO"
172,2021-06-14 00:41:39+00:00,"@cenkuygur @aaronjmate @MaxBlumenthal @ggreenwald @jimmy_dore Everyone: Cenk canâ€™t sink any lower. 

Cenk: Hold my vodkaâ€¦..BUT #RUSSIA!"
173,2021-06-13 22:10:02+00:00,"â€œI donâ€™t want to get into being diverted by, did they shake hands, who talked the most, and the rest,â€ Biden said.

President Biden revealed why he decided to avoid a joint press conference with #Russia's President Putin in #Switzerland next week. https://t.co/mesVZXMYt8"
174,2021-06-13 22:03:34+00:00,"#Estonia's #counterintelligence service, KAPO, was praised for catching #spies recruited and run by #Russia- it just nabbed a #NATO #Military defense #scientist who was spying for #China, giving them secrets on his maritime and #submarine  research. https://t.co/pqBmh1NAH9"
175,2021-06-13 21:10:01+00:00,"The US @DeptofDefense announced it would send $150 million in defense aid to #Ukraine including funding for training, equipment, and consultation.

Since 2014, when #Russia moved to annex #Crimea, the US has sent over $2.5 billion in assistance to Ukraine. https://t.co/T5IvkgcVLm"
176,2021-06-13 19:40:25+00:00,Trump's messageâ€”mocking Biden and our intelligence agencies ahead of the summitâ€”is still a hot ticket item on #Russia's state TV. https://t.co/d7aj4laeZc
177,2021-06-13 19:33:28+00:00,#Russia's state TV keeps promoting NBC's interview with Putin. They seem to be extremely pleased with the way it turned out. https://t.co/OoeJrgIlsm
178,2021-06-13 18:51:48+00:00,#Russia's state media is portraying Capitol insurrectionist Richard Barnett as an innocent victim of gov't persecution. He was happy to talk to Russian state TV. Imagine what would have happened to any protester who broke into the Kremlin and propped his feet up on Putin's desk. https://t.co/KqvuLdJXTm
179,2021-06-13 18:36:10+00:00,Russian soldiers currently occupy territory of #Ukraine and #Georgia (and their presence is not very welcome in Moldova) . #NeverForget
180,2021-06-13 07:32:41+00:00,"From our seat at the highest table in Europe we had a voice, a loud voice. It still held respect globally. As Little England do you believe anyone in the world gives a donkeyâ€™s fart for what we have to say? Really? #Russia? #China? USA? #Myanmar? Anybody in EU? Anybody in the G7? https://t.co/r9XcFW2csy"
181,2021-06-13 00:51:38+00:00,"Why don't Russians trust their own country's vaccine? #Russia scrambles to contain a new surge, as most of its people appear to be avoiding the #Sputnik vaccine. https://t.co/oD0RLckqvD"
182,2021-06-12 14:29:49+00:00,"Your spite comes as no surprise. Donâ€™t be pathetic, Mr. McFaul, you know better than everyone how US regime exploits #Ukraine for its malicious geopolitical goals. I doubt Ukrainians will ever forgive your country for this after this #Maidan craziness is over. https://t.co/uJsjzfzRfx"
183,2021-06-12 12:00:12+00:00,"In addition to superior values, the West holds the strategic advantage over #Russia /#China : 2/3 of Serbia's trade is with the #EU; #Russia can never take on #NATO in the #Balkans . https://t.co/z4LJPDVNMy"
184,2021-06-12 10:15:40+00:00,"On #RussiaDay2021 @EmbassyOfRussia presents you a special article in @pretorianews that takes you on a journey to different parts of #Russia

Moscowâ¡ï¸https://t.co/Pa6ztBK6wy
Saint Petersburgâ¡ï¸https://t.co/f7AS3ml25Q
Crimeaâ¡ï¸https://t.co/9xR3509WeT
Uralâ¡ï¸https://t.co/t3zyJ31LOZ https://t.co/UCyATDr2ba"
185,2021-06-12 09:12:45+00:00,"ğŸ‡·ğŸ‡º What is #Russia? A timeless question with endless answers.

We invite you to immerse in its magical atmosphere and natural beauty - #ExploreRussia in brief &amp; in style!

#RussiaDay2021 #RussiaDay #ThisIsRusia #RussiaIs https://t.co/m4ismQJliY"
186,2021-06-12 08:43:01+00:00,"In the late 1990s, the #G7 reached out to #Russia in a collaborative approach
It's taking a more nuanced one with #China today
The implicit aim seems to be to counter Chinaâ€™s success in exporting its approach to the rest of the world, and in expanding its influence in the process"
187,2021-06-12 08:28:30+00:00,"#RussiaDay

ğŸ‡·ğŸ‡º #Russia IS all-encompassing. Vast pristine expanses, ancient cities, modern megalopolis, amazing nature, great monuments, rich culture, mouth-watering cuisine and so much more.

â“ What do is it that you like/love about Russia? https://t.co/Ez7BIyivdV"
188,2021-06-12 08:04:13+00:00,"ğŸ‰ğŸ‰ğŸ‰Happy #RussiaDay! 

ğŸ‘€Getting to know #RussiağŸ‡·ğŸ‡º

2ï¸âƒ£0ï¸âƒ£2ï¸âƒ£1ï¸âƒ£ was declared in our country the Year of #Science and #Technology. We share with you some of the most remarkable past yearâ€™s achievements of the #Russian science.

â¡ï¸ğŸ’¡ https://t.co/mfxa8pobUU https://t.co/HHYMO9C13w https://t.co/PdwFTXO6Ma"
189,2021-06-12 04:37:00+00:00,"Today, we celebrate #RussiaDay ğŸ‡·ğŸ‡º
#Russia is truly beautiful country &amp; a land of vast opportunities. It is famous w/ its glorious past, great present &amp; its ability to transform fairy tales into reality. Just like #India. This &amp; many other features brings our countries closer. https://t.co/nCTQMZ5QTs"
190,2021-06-12 03:31:41+00:00,"Russian President Vladimir #Putin, in an interview with @NBCNews ahead of his meeting with US President @JoeBiden next week, said US-#Russia relations are at their lowest point in recent years.

https://t.co/tNxeaW7L8r"
191,2021-06-11 23:52:58+00:00,"Happy #Russia Day! ğŸ¥³

Listen to the ""About #Motherland"" poem by Rasul Gamzatov. Few managed to put in words such a rich &amp; tender palette of emotions, to verbalise so eloquently the vastness that Russia  â™¥ï¸  IS for the Russian soul.

#RussiaDay #RussiaDay2021 #Russia1Love https://t.co/1l3WqpiCsS"
192,2021-06-11 21:44:41+00:00,"Good night, #CrimeağŸ‡·ğŸ‡º!
â¡ï¸https://t.co/igVToj5JzX
#RussiağŸ‡·ğŸ‡º https://t.co/LXEflqSYAX"
193,2021-06-11 21:08:16+00:00,"#Russia is preparing to provide #Iran with an advanced satellite that would enable it to track potential military targets across the #MiddleEast.

https://t.co/MWPNdCYHmT"
194,2021-06-11 20:30:28+00:00,"â¡ï¸ğŸ‘€Getting to know #RussiağŸ‡·ğŸ‡º

ğŸ”·@Russia has more than 1ï¸âƒ£0ï¸âƒ£0ï¸âƒ£ nationalities. 

ğŸ”·The pictures below will give you an idea of how different but still united we are. 

#RussiaDay2021 #Russia #Rus https://t.co/gu3ixHn1xm https://t.co/oxWWFfvsRl"
195,2021-06-11 16:09:27+00:00,"In his last meeting with Putin in 2011, Biden criticized Russia's occupation of Georgian territory. I hope he does the same next week. The world seems to have forgotten that Russian soldiers remain illegally not only in #Ukraine but  #Georgia too (and unwelcome in #Moldova too) https://t.co/M9IakZL5e4"
196,2021-06-11 14:38:57+00:00,#Russia President Vladimir Putin has given an interview in Moscow to @KeirSimmons ahead of next week's meeting with @POTUS. It'll preview tonight on @NBCNightlyNews and air in full Monday on @TODAYshow and @MSNBC. https://t.co/xxtq5Hw9D1
197,2021-06-11 11:41:03+00:00,"Translation from American: US should strengthen its grip on #Ukraine and prevent any chance of its thaw with #Russia. And btw, to destroy sovereignty and democracy you need first to have them. Not the case of post-Maidan UA raped and exploited by the US and the EU! https://t.co/XwiTczSdDJ"
198,2021-06-11 11:28:48+00:00,2/2 I canâ€™t help making a conclusion that Russia in the 1990-s resembled #Ukraine today with Americans and Westerners deciding everything to the detriment of our country and with our â€œMaidanâ€ happening in 1993. Hopefully UA survives and comes back to its senses as we did!
199,2021-06-11 11:25:11+00:00,"#Ukraine's Football Association refuses to make changes to its national team's jerseys. The motto 'Glory to Ukraine - Glory to Heroes!' is now an official motto of Ukraine's Football Association.

@UEFA will have to live with it now.

https://t.co/upaSOwqBQJ"
200,2021-06-11 11:24:10+00:00,1/2 Former head of Russian Parliament confesses that there were dozens of #CIA agents around first President of #Russia Boris #Yeltsin that took every decision for him. Looks like we are still to discover the scope of US meddling in our life in 1990-s https://t.co/EEh3Ld2Bhm
201,2021-06-11 08:55:12+00:00,#Russia will continue to be reliable and loyal partner of #Ethiopia: Amb Evgeny Terekhin https://t.co/tDKn3h8yV2 https://t.co/unmJVUN3fZ
202,2021-06-11 08:20:47+00:00,President #Putin to @tvrussia1: #Ukraineâ€™s decision to include #CrimeağŸ‡·ğŸ‡º on their football uniform only shows Kievâ€™s disregard for the will of Crimeans and runs counter to the definition of democracy. https://t.co/S6MQbPeBfj
203,2021-06-11 03:52:51+00:00,GT Exclusive: What position would #Russia take if an armed conflict happens between China and the US? Russian Ambassador to China Andrey Denisov responds https://t.co/8cY2fLlPAY
204,2021-06-11 00:57:49+00:00,"Hereâ€™s the former guyâ€™s statement, where he says he still trusts #Russia more than the government he once led.ğŸ¤¬ https://t.co/ZoR0YOygyH"
205,2021-06-11 00:55:51+00:00,"â€¼ï¸BREAKING: Trump just reaffirmed that he believes Putin over the US intelligence communityâ€™s assessment that #RussiağŸ‡·ğŸ‡ºinterfered in the 2016 election.

Just as Trump did when he kowtowed to Putin in #Helsinki.

Total #treason.ğŸ¤¬

https://t.co/uw0RgyHd8f"
206,2021-06-10 23:32:46+00:00,"#BREAKING: #Russia is preparing to supply #Iran with an advanced satellite system that will give Tehran an unprecedented ability to track potential military targets across the Middle East and beyond, according to officials. Will Biden raise with Putin?

https://t.co/EFMSIf3Dwa"
207,2021-06-10 22:57:56+00:00,#Russia's state media doesn't hesitate to take advantage of Trump's statement: https://t.co/DQmo15LHyC
208,2021-06-10 22:31:51+00:00,"#Putin claims â€œat least 50% of Ukrainians (or more) are wise and oppose joining NATO, because they do not want to be on the line of fire between Russia and the West.""

Many Ukrainians, of course, are already on the line of fire between #Russia and #Ukraine. https://t.co/9vkwPrFRKe"
209,2021-06-10 19:10:24+00:00,"President #Putin might take an important decision about the #Ukraine after the summit with #Biden, it has been postponed to know how the #US intends to shape the country's future (neutrality/prosperity or cannon fodder till the end?) and then act accordingly."
210,2021-06-10 16:48:03+00:00,Informed @jensstoltenberg about significant threats from Russia. Hopeful that the @NATO summit will consider efficient steps to deter ğŸ‡·ğŸ‡º aggression. Stressed the importance for #Ukraine of reaffirming the NATO's open door policy &amp; the validity of the 2008 decision on #MAP for ğŸ‡ºğŸ‡¦. https://t.co/EDJgaMllXh
211,2021-06-10 15:22:30+00:00,Meanwhile in #Russia: even they are stunned by Louie Gohmert. https://t.co/Ogd0CasSQF
212,2021-06-10 15:03:12+00:00,"Spoke with President @ZelenskyyUa of our valued partner #Ukraine. We discussed the upcoming #NATOSummit, the security situation in the region &amp; #Russia's unacceptable military build-up. I stressed our continued political &amp; practical support &amp; encouraged their reform process."
213,2021-06-10 14:13:05+00:00,"As with #Ukraine, the Biden administration should urge NATO to provide a Membership Action Plan for #Georgia and help fulfill the promise made at the 2008 Bucharest Summit.

Getting both countries on the path to NATO membership would help protect them against Russiaâ€™s aggression. https://t.co/hsP3ao4ax1"
214,2021-06-10 13:51:35+00:00,"It wasn't 10 days after the most recent arrest in #Russia and we'd an emergency motion calling for sanctions.

But 10 years of intense repression against #Assange doesn't merit a whimper from the ğŸ‡ªğŸ‡º Parliament. 

It isn't about human rights; it's about bashing a rival. https://t.co/uCdPjEifxK"
215,2021-06-10 13:39:47+00:00,"My op-ed in @wsjopinion today: President Biden must confront Putin over Russiaâ€™s efforts to destabilize #Ukraine &amp; #Georgia. 

These former Soviet republics are fighting to create a democratic future with greater freedom and prosperity.  https://t.co/e4T59ysjjP"
216,2021-06-10 10:59:05+00:00,"#UEFA instructed #Ukraine to make changes to #EURO2020 jersey, remove the 'political' slogan 'Glory to the heroes'. â€˜Glory to Ukraineâ€™ is OK, map of Ukraine with Crimea also acceptable. #Russia welcomed decision- therefore finally agreed that #CrimeaIsUkraine! #GloryToHeroes! https://t.co/PqUmmlPutQ"
217,2021-06-10 09:42:19+00:00,A new poll shows that 79% of people in #Turkey would prefer a strategic partnership with #Russia to the United States.
218,2021-06-10 09:18:48+00:00,"UEFA allegedly obliged #Ukraine to remove the phrase â€œGlory to the Heroesâ€ from the teamâ€™s uniform, at the request of #Russia. 

The slogan is apparently â€œclearly political,â€ hence it canâ€™t be used. 

FYI, you literally canâ€™t even see the slogan, because itâ€™s on the collar. https://t.co/AtosuMId2s"
219,2021-06-10 07:58:41+00:00,"Putin gave an interview to state TV. It is all about  #Ukraine, itâ€™s history and present plus @NATO plus the Jewishness of Zelensky gets a cameo. This is to remind us all: nothing is more important to the Kremlin than #Ukraine and nothing will be as long as he is in power."
220,2021-06-09 23:51:52+00:00,"The host of #Russia's state TV program suddenly admitted that Biden is very fit, in great shape &amp; looks much better than Trump. Now that Biden is about to exchange some tough words with Putin, it would be awkward for Russian propagandists to keep claiming that he has ""dementia."" https://t.co/ryhqIv1D34"
221,2021-06-09 23:25:01+00:00,"President Biden set off on his 1st foreign trip since taking office, aiming to strengthen ties with allies in #Europe and vowing to project strength to strategic rivals #China and #Russia. https://t.co/ITS5B30kjI"
222,2021-06-09 19:49:23+00:00,"BREAKING: In Portugal an investigation carried by news outlet @observadorpt has just reveal that socialist lead Lisbon City Council has release to #Russia's Foreign Affairs Ministry names of Portuguese that took part in an anti #Putin rally.  
https://t.co/IvOEM9lpvU"
223,2021-06-09 19:36:16+00:00,"ğŸ’¬ Ambassador #Kelin to @tassagency_en: It is clear that this confrontational stance, all the wordings in the #G7 Ministers CommuniquÃ©, are presided over by the #UK that is using every opportunity to lay blame on #Russia for anything bad that happens. https://t.co/GmWbnXxJNx"
224,2021-06-09 16:42:51+00:00,"I have just found out that The Russians have a new name for #Ukraine :
 
Error 404 .

ğŸ˜‚ğŸ¤£"
225,2021-06-09 15:34:53+00:00,"Anyway if the West wants to prioritize cooperation with #Russia instead of confrontation it just have to remove the ""evil Russia"" created by Western media, which doesn't exist, and reengage with the real Russia.
If this doesn't happen it means #NATO aggression will continue."
226,2021-06-09 13:24:50+00:00,My take on the most recent controversy about â€œGlory to #Ukraine - Glory to the Heroesâ€: Why are Ukraineâ€™s Euro 2020 shirts causing such anger &amp; how are they connected to WW2 Nazi collaborators &amp; Holocaust perpetrators? https://t.co/ON8iEza7MQ
227,2021-06-09 00:36:39+00:00,"It is imperative that the Biden admin provide #Ukraine &amp; #Georgia with its unwavering support for their effort to attain NATO membership. 

America must continue to stand with their people as they work to secure a democratic, prosperous, &amp; independent future. https://t.co/iCiN8dsJeP"
228,2021-06-08 17:52:09+00:00,"#Russia to begin preliminary design of a post-#ISS space station. 
DETAILS: https://t.co/KZE3WlnXSu https://t.co/dBXQrzPDvF"
229,2021-06-08 16:42:48+00:00,"This is insane - the US Embassy in #Ukraine is promoting the OUN-Bâ€™s Glory to Ukraine slogan. OUN was deeply anti-Semitic, sometimes collaborated with the Nazis, and many of its members were involved in the Holocaust. https://t.co/Vxhg6MRkzx"
230,2021-06-08 15:58:45+00:00,"Meanwhile in #Russia: the upcoming summit is all they can talk about. Biden-bashing is in high gear. They're repeating Republican talking points, which seem to be in perfect unison with their own. Remarkable alignment in their desire for Biden (and therefore America) to fail. https://t.co/EDJVy9lhYf"
231,2021-06-08 15:51:10+00:00,"By implanting #S400 missile systems at the heart of #Turkeyâ€™s air force, #Russia disrupted #Europeâ€™s defense architecture &amp; caused a sharp degradation of Turkeyâ€™s relationship with the #US. â¦@NATOâ©

â¦@Carnegie_Europeâ© â¦@CarnegieEndowâ©  https://t.co/FTib7x2NQe"
232,2021-06-08 15:34:23+00:00,"We even don't mind the useless #ShowOffğŸ¤³ with the nazi slogan on theğŸ‡ºğŸ‡¦football national team uniform and invite them to play a friendly game VSğŸ‡·ğŸ‡º#Crimea's selection!
#RussiağŸ‡·ğŸ‡º https://t.co/D7iBiwrTPd"
233,2021-06-08 14:56:25+00:00,"ğŸ’¬#Zakharova: ğŸ‡¨ğŸ‡¦ #Ottawa continues to support initiatives targeting ğŸ‡·ğŸ‡º#Russia by engaging in inappropriate and counterproductive activity to support the ultra-nationalist regime in #Kiev and the Russophobic forces in the #Baltics.

ğŸ”— https://t.co/9yN852zODG https://t.co/ZvL1rHNf27"
234,2021-06-08 14:27:12+00:00,Met my beloved brother #ChepaukMLA &amp; @dmk_youthwing secretary this afternoon. He had asked the  @DMKNRIWing to help a Medical Student from his Constituency who has a medical emergency in #Ukraine. Our team has connected with her &amp; efforts are underway to bring her home soon ğŸ™ğŸ½ ğŸŒ„ https://t.co/7E7Gn4UqrU
235,2021-06-08 09:10:55+00:00,"#NordStream2 &gt;&gt;#Germany In Talks To Make #Ukraine 'Whole' For Losses From Russian Pipeline, Blinken Says https://t.co/RB5o4wrhtD https://t.co/SL03WL66NL"
236,2021-06-07 23:37:04+00:00,This newest Rudy tape is BAD #RudyGiuliani #Giuliani #Ukraine #Election2020 https://t.co/1d4I8a9wDy
237,2021-06-07 23:01:41+00:00,"Corruption is an existential threat to any democracy. So inspired to join @ANTAC_ua this morning to affirm their vision of a corruption-free #Ukraine &amp; announce a new @USAID  task force that will battle corruption around the world.
 
My full remarks:https://t.co/wuRtxFQebU"
238,2021-06-07 22:19:21+00:00,"Today is... World #Petersburg #CatsDay ğŸ±

#Russia's cultural capital is home to many creative and diverse kitties, including the legendary @state_hermitage cats! They are not only companions, but also... #art and neverending source of inspiration! https://t.co/iZhzh2mtiW"
239,2021-06-07 20:53:13+00:00,"LR @RepMcCaul ""@SecBlinken must quit blaming the last Admin &amp; take responsibility for not fully implementing mandatory sanctions to stop #NordStream2. It's still MONTHS from delivering gas. If it does, @POTUS will have to answer for the damage to #Ukraine &amp; the rest of Europe."" https://t.co/iV0brmzQz9"
240,2021-06-07 16:57:53+00:00,"#Russia's state TV was making fun of Zelensky all day, laughing that Biden has no time to call him. Bon appÃ©tit, Russian trolls. 
https://t.co/itcJSR3Jt7"
241,2021-06-07 16:48:56+00:00,"Meanwhile on #Russia's state TV in the run-up to the summit: hideous anti-American rhetoric, with visuals to match. https://t.co/pULjjiuA57"
242,2021-06-07 16:28:32+00:00,"#BREAKING
#Russia prepares to transfer all currency liquidity from dollar to euro https://t.co/DbcjNCp2eg"
243,2021-06-07 15:45:43+00:00,"#Russia's foreign ministry spox unhappy after UEFA approves jerseys to be worn by #Ukraine's team in Euro 2020 soccer championship. Jerseys display map of Ukraine including Russian-occupied Crimea.

#CrimeaisUkraine https://t.co/ja5bGogsm0"
244,2021-06-07 14:58:33+00:00,"First time in years, #NATO didnâ€™t invite  #Georgia and #Ukraine to attend the upcoming summit."
245,2021-06-07 14:19:12+00:00,"The best example of Ukraineâ€™s success is that journalists, activists &amp; opposition politicians flee from Belarus &amp; Russia to #Ukraine.

Kyiv, like Paris 100 years back, slowly turns into a safe heaven for those who oppose dictatorships. https://t.co/wWupymbJeS"
246,2021-06-07 14:16:51+00:00,"#China-#Russia relations have reached their best period in history. The economies of the two countries are highly complementary and mutual strategic support serves as a powerful weapon for ğŸ‡¨ğŸ‡³ ğŸ‡·ğŸ‡º to cope with Western aggression. 
https://t.co/C0FhKihqRZ"
247,2021-06-07 12:35:52+00:00,"#Belarus Uh no. The Academic Council of the Shevchenko National University of Kyiv, #Ukraine, deprived #Lukashenko of the title of Honorary Doctor. The university has more than 80 honorary doctors. It is depriving someone of this title for the first time https://t.co/n461XMjGRw"
248,2021-06-07 07:27:19+00:00,"#Ukraine unveiled its national football team's shirt for Euro 2020, emblazoned with a map outline of its borders including #Crimea and the slogan ""Glory to Ukraine!""

This caused quite a reaction in #Russia:

https://t.co/yXhkuqGutc"
249,2021-06-07 01:47:22+00:00,"Putin should be the one begging. I hope @POTUS will give #Ukraine a meeting.
https://t.co/ynmkE4oldh"
250,2021-06-06 18:12:05+00:00,"According to #Russia's state media, life is hell here in the U.S. The streets in democratic states are policed by gangs, police are gone. Oregon, Washington and California want to join ""Greater Idaho."" Everything is bad and getting worse. https://t.co/9QCn1Jkkck"
251,2021-06-06 15:15:26+00:00,Also made them witness the hysteria that a superstar @rajinikanth film generates in the theatres! Such celebration of cinema is one of the most unique things about Indiaâ€™s movie going culture! I hope we can preserve it forever! #AVKshow #Russia #IndianCinema ğŸ‡®ğŸ‡³ ğŸ‡·ğŸ‡º@karthiksubbaraj https://t.co/35l6DZxhv6
252,2021-06-06 15:01:19+00:00,"Head of #Germany intelligence: #Russia is as active as the USSR in the Cold War.
Their methods are getting rougher and more brutal.
And THIS: There are a ""whole number of agents around political decision-makers,"" he said.
At least things are clearly stated. https://t.co/I4lVzKBdIu"
253,2021-06-06 14:33:19+00:00,#Binance ads appear on trains and trolleys in #Ukraine. https://t.co/u9w0xBKbFW
254,2021-06-06 12:56:56+00:00,"Before @JoeBiden heads to Europe, the #US leader tries to play the ""democratic values"" card again, hoping to unite allies to confront #China and #Russia, turning the #G7 into a narrow-minded ideology-driven club, which analysts say is ""wishful thinking."" https://t.co/G3yDee3HKj"
255,2021-06-05 23:27:49+00:00,"Meanwhile, #Russia's state TV is looking forward to Trump's next speech, wondering whether he'll run again in 2024. https://t.co/NW3gJ2X1yQ"
256,2021-06-05 19:00:01+00:00,Russian President Vladimir Putin said #Russia-#China relations have reached an unprecedentedly high level and the two sides are expected to boost bilateral trade to $200 billion by 2024. https://t.co/KymdXF22ya
257,2021-06-05 17:55:12+00:00,"President #Putin unveiled a monument to Tsar Alexander III inside Gatchina Palace. He expressed his enthusiasm and congratulated the artists for having created this masterpiece that really represent the figure: ""This is super, great, that man was indeed a rock"".
#Russia https://t.co/dJdyII7XGD"
258,2021-06-05 14:40:27+00:00,"Aggressors protect each other. Their victims, therefore, must band together for defense. Free societies now have every interest in joining with #India in its struggle with #China. The #Quad takes on special significance. #Russia #Japan #Australia #America @Chellaney https://t.co/nVL6vJXK19"
259,2021-06-05 13:19:29+00:00,"In other words, Russian supply of energy is geopolitical. Which is not news to #Ukraine https://t.co/pobmA96sPh"
260,2021-06-05 11:35:20+00:00,"As the United States and China accuse one another of misleading the world on how and where the novel coronavirus first emerged, #Russia has warned against bringing politics into the global effort to determine the origins of the #Covid_19 pandemic.
https://t.co/XBhsWKNhdV"
261,2021-06-05 09:35:26+00:00,"#Putin blackmails #Ukraine before #NordStream2 has even been finished. He uses the pipeline as exactly the kind of weapon, the Poles, Balts and Ukrainians have always believed it to be. https://t.co/77KhNdvdE1"
262,2021-06-05 08:22:49+00:00,"The #NordStream2 effect. Moscow now has one more tool to pressure #Ukraine, and Putin wastes no time using it. https://t.co/aFNB6ecghl"
263,2021-06-04 22:27:07+00:00,"In a parallel universe...
Some still seem not to be conscious of the major threat that #NordStream2 poses to #Ukraine and #Europe's security as such - or are more likely complicit.
#EU's weakness, cowardice and basically unintelligence make Putin unleashed. https://t.co/TnXwRWNYbk"
264,2021-06-04 20:55:21+00:00,"And right on cue, #NordStream2 progress emboldens #Putin to threaten #Ukraine with an end to gas transit should it not show undefined â€œgood willâ€ to Moscow. If #NS2 is completed, expect this to be a regular trend.

#NotJustACommercialDeal
#StopNordStream2

https://t.co/BGrvHIDXxx"
265,2021-06-04 19:49:04+00:00,"Moscow has increased the number of #Russia'n border troops deployed to #Armenia in accordance w/ its alliance obligations, Russian Ambassador to Yerevan Sergey Kopyrkin said at a meeting with Governor of Armeniaâ€™s Syunikk region, the Russian embassy said in a statement on Friday."
266,2021-06-04 15:07:40+00:00,"I fear that ransomware attacks will continue for as long as two superpowers like #Russia and the #US won't sign a comprehensive non-interference/cyber security treaty (a sort of START applied to the cyber sphere), they might even grow in scale and magnitude."
267,2021-06-04 14:13:16+00:00,"The #UFO incidents studied by the Pentagon were from the past 20 years. For this to be Russian or Chinese tech would mean #Russia or #China were able to rewrite the laws of physics for 2 decades without the US intel community knowing.

That's impossible.

https://t.co/amUNZMsrmG"
268,2021-06-04 12:03:24+00:00,"Known as 1 of the most obvious lobbyists of Az interests in #Russia,Deputy Al. Zhuravlev, who earlier accused #Armenians of â€œoccupying theğŸ‡·ğŸ‡ºn Churchâ€ in #Shushi &amp; praised Az for â€œliberatingâ€ğŸ‡¦ğŸ‡²n territories,studied the issue deeper, corrected himself &amp; apologized to theğŸ‡¦ğŸ‡²n side. https://t.co/bSHXfVWFbe"
269,2021-06-04 11:59:04+00:00,wishing you all a wonderful #weekend from #Moscow #Russia ğŸ¹ğŸ‡·ğŸ‡º #shabbatshalom dear followers https://t.co/JfqQExjcrw
270,2021-06-04 11:11:42+00:00,"âš½ï¸ Russia's #SaintPetersburg will host the @EURO2020 games from June 12 to July 2.

ğŸ›‚ To attend the matches in #Russia, foreign citizens are required to get #FanID, visa-free entry for the duration of #EURO2020.

Watch this video to plan your trip properly ğŸ‘‡ https://t.co/HRWpgPVC5c"
271,2021-06-04 10:17:33+00:00,"BREAKING: #Russia may open for ""vaccine tourism"" in July 2021 - RDIF CEO Kirill Dmitriev https://t.co/dL1nrbMqpS"
272,2021-06-04 10:06:36+00:00,"The end of democracy, now official: #Russia bans those accused of 'extremism' from elections. Russia's Ruble has decoupled from #oil prices. https://t.co/p2RYiMHHgY"
273,2021-06-03 19:52:29+00:00,âš½ï¸ Itâ€™s all over in Dnipro and we lose by a single goal. Good luck to #Ukraine at the Euros #GAWA https://t.co/WVHQDxA8tH
274,2021-06-03 19:50:25+00:00,"ğŸš¨#FakeNews alertğŸš¨

That time when @ForeignPolicy run out of #Russia-haters and the so-called ""Russia experts"", so they have to recruit a student who they found on Twitter to write yet another #disinformation ""expert point"" about #Russia #Putin ğŸ¤ª https://t.co/Ah6HZCajJY https://t.co/fuhRQb50Ct"
275,2021-06-03 17:49:35+00:00,"White House warning!

The US tells #Russia they have an obligation to stop #cyberattacks. 

@MarquardtAÂ reports on @firstmove https://t.co/IrclsxLGdL"
276,2021-06-03 16:59:42+00:00,NARRATOR: This was not a presentation to the UN Security Council. It was a Russia-sponsored propaganda event at which @AaronJMate eagerly put out #Russia disinformation lines to cover up #Assad chemical attacks in #Syria. https://t.co/rfsWRvZkmj
277,2021-06-03 11:42:07+00:00,Having gained experience on how #US-backed colour revolutions work and having been able to thwart many of them #Russia and #China should jointly develop a plan to implement those same techniques in countries where people live under the #US regime's oppression/occupation.
278,2021-06-03 11:35:51+00:00,"FM #Lavrov: Hopefully, #EU will ultimately replace its ideology-driven policy towards #Russia with a rational one. #RussiaEU https://t.co/eFdWLS1S1I"
279,2021-06-03 10:41:15+00:00,"#Russia will eliminate the dollar from its National Wellbeing Fund, shifting to euros, yuan and gold - Finance Minister Anton Siluanov
https://t.co/CwFYewQXpN"
280,2021-06-03 07:00:13+00:00,"Murmansk, #Russia A Russian naval ship embedded in a stone ""mountain"" at an abandoned, rusty and old military base @sabri44220662 @ninjasniperpon1 @jackiefriman_ https://t.co/fnZfw55OX4"
281,2021-06-02 21:20:25+00:00,This girl - the amazing @themmagraham is currently working in #Russia for @CNBC - I could not be more proud. Love you Emma. See you soon ğŸ˜ https://t.co/gyzXjVcwtq
282,2021-06-02 20:27:34+00:00,"I can understand why our US and Western friends make such panic statements. Those who were following our Arria-Formula today have received abundant facts on US and EU role in 2014 coup in #Ukraine. So keep covering your new â€œsons of a bitchâ€, the truth will come out anyway! https://t.co/exXvmeaBqD"
283,2021-06-02 18:48:51+00:00,"Enhancing international partnerships is crucial to U.S. national security and bolsters global stability in the face of an increasingly belligerent Russia. Therefore, the U.S. must support #Ukraine in these efforts."
284,2021-06-02 18:48:50+00:00,"#Ukraine faces several challenges, so it is critical that the U.S. remain a committed partner to encourage work to root out corruption and strengthen democratic institutions so #Ukraine can realize its goal in becoming a member of #NATO and the #EU."
285,2021-06-02 18:48:49+00:00,Today I met with @ZelenskyyUa and other Ukraine officials along with @SenatorShaheen and @ChrisMurphyCT . We reaffirmed that the U.S. stands in solidarity with #Ukraine against Russian aggression and has a right to sovereignty and territorial integrity. https://t.co/HJvMv39z3T
286,2021-06-02 17:02:19+00:00,"The current sanctions targeting #Russia could be classified as a declaration of war against Moscow. However, neither the #US nor the #EU is ready for a military conflict, Rostec CEO
https://t.co/xkO9zA45y7"
287,2021-06-02 16:52:46+00:00,"So basically Zelensky is begging #Russia to keep giving 3 bln â‚¬ per year to Kiev of gas transit fees in order to kill innocent civilians in #Donbass or to attack Crimea?
#Ukraine is a country with no dignity. https://t.co/2SNfdmOtX8"
288,2021-06-02 16:25:12+00:00,"Just had a good call with President @ZelenskyyUa on further fostering our close bilateral relations, fighting the #COVID19 pandemic together &amp; reiterated our strong support for #Ukraineâ€™s territorial integrity &amp; sovereignty."
289,2021-06-02 16:15:00+00:00,"Ex-US Special Rep for #Ukraine Kurt Volker now works for a lobbying company that defends the interests of #Russia's Nord Stream-2, energy minister adviser Lana Zerkal broke the news to @EuropeanPravda. Volker himself confirmed this, but noted that he opposes the Russian project. https://t.co/E2Xn3on7vm"
290,2021-06-02 16:14:00+00:00,"I'm honored and excited to share that I am now a @GoogleDevExpert in #Flutter and #Dart! ğŸ¤©ğŸ’™ğŸ‰ The first in #Ukraine! ğŸ‡ºğŸ‡¦

Sharing my expertise and knowledge with the community has always been my pleasure! Looking forward to all the cool things we accomplish together!ğŸ¤˜ğŸ»ğŸš€"
291,2021-06-02 13:09:13+00:00,"In #Russia, former #Austria's Foreign Minister @Karin_Kneissl, who rose to prominence on social media following her dance with Putin at her wedding, was appointed to the board of @RosneftEN, Russia's state-owned oil company:

https://t.co/gQdOGBS5I9 https://t.co/6SxwrCgfHJ"
292,2021-06-02 12:21:45+00:00,"ğŸš˜ #Russia ğŸ‡·ğŸ‡º launches mass production of a new make - @AurusRussiaEN - &amp; its first premium-class sedan. Not quite the same as the presidential limousine, but still a high-quality build. Hydrogen-powered version included.

#DidYouKnow? Au (aurum - gold) + Rus (Russia) = Aurus https://t.co/7UEw87q1lC"
293,2021-06-02 11:30:32+00:00,#Russia discusses buying #metals for state stockpile https://t.co/0Mz3dU5yPP https://t.co/PW1CLNCUoq
294,2021-06-02 04:06:25+00:00,"-#China is gobbling up #Russia due western apathy
-I wrote abt it in my highly appreciated article:
https://t.co/vo3Nbm5m4K
-Russia has phenomenal expertise in advanced military #tech why #India is not making use of partnership
-Ovr 50% #Chinese eqpt reverse engineered fm Russia https://t.co/xUPX21NEKl"
295,2021-06-02 00:10:01+00:00,"â€œThe ransom demand came from a criminal organization, likely based in Russia.â€

The @WhiteHouse said the #CyberAttack affecting meatpacking firm #JBS Foodsâ€™ systems appeared to originate in #Russia and said the administration is offering assistance. https://t.co/Z8VUVdgQTk"
296,2021-06-01 20:28:48+00:00,"One-Fifth of U.S. Beef Capacity Wiped Out by JBS Cyberattack:

The White House has offered assistance to JBS after the company notified the Biden administration on Sunday of a cyberattack from a criminal organization likely based in #Russia.

https://t.co/iFiwWlv9gX"
297,2021-06-01 18:34:55+00:00,"Good meetings of #NATO Foreign &amp; Defence Ministers to prepare the 14 June #NATOSummit. We discussed issues including #Afghanistan, #Belarus, #Russia &amp; #China. Ministers agree we need to take ambitious decisions to strengthen the transatlantic bond for an age of global competition https://t.co/XCJ9if9mVn"
298,2021-06-01 18:12:33+00:00,Remarkable interview with President of Ukraine @ZelenskyyUa in today's @FAZ_NET on #Russia the Normandie format &amp; the #German debate around delivering weapons to #Ukraine (or not). I hope FAZ comes up with an English translation ... https://t.co/J3HcrjeCIz
299,2021-06-01 14:10:55+00:00,"Current relationship between #Russia &amp; #US is, in some ways, worse than during Cuban Missile Crisis, says former President Medvedev
https://t.co/fkMrdctQJj"
300,2021-06-01 14:09:28+00:00,"#Germany's Green Party drifts toward militarism: Its co-leader, in Kiev, supports sending tanks to #Ukraine.  A critic replies: ""For a German politician to don a steel helmet close to the Russian border is inappropriate, grotesque, even, given our historyâ€ https://t.co/PE36tGhaBC"
301,2021-06-01 11:54:35+00:00,"ğŸ’¬FM Sergey #Lavrov: Common history is evidence that #Europe never could build a solid security architecture and ensure the continentâ€™s peaceful, stable development while trying to spite ğŸ‡·ğŸ‡º#Russia or leave it out of the equation.

ğŸ”— https://t.co/PGcw0gUlju

#RussiaEU https://t.co/FIC4JvZF0V"
302,2021-06-01 11:31:41+00:00,"FM #Lavrov: #Russia is willing to normalise relations and restore dialogue with #EU only based on equality, mutual respect and balance of interests, without any unilateral requirements or preconditions. #RussiaEU https://t.co/Oe6sFWMMjh"
303,2021-06-01 09:31:37+00:00,"#EU &gt;&gt;#Russiaâ€™s Lavrov blames the West for â€˜shutting Russia outâ€™

Russian Foreign Minister Sergei Lavrov has blamed the European Union for having suspended â€œthe mutually beneficial architecture of cooperationâ€
https://t.co/3Vrn3JVnFw https://t.co/Yk4tOgAJga"
304,2021-06-01 07:36:43+00:00,"Protests in #Idlib Province as #Assad regime appointed to #WorldHealthOrganization board w no debate 

Regime &amp; #Russia have bombed many #Syria medical facilities, blocked medical aid, &amp; downplayed #Coronavirus 

""Itâ€™s like appointing a pyromaniac to be the town fire chief."" https://t.co/rXPhAWshdk"
305,2021-06-01 02:32:55+00:00,"#Russia's state TV shows a clip of an opposition activist abroad discussing protests &amp; the possibility of Russia falling apart in the future. Host and experts cry out: ""He is advocating the overthrow of the govâ€™t!"" ""Treason! Give him 20 yrs in prison!"" ""Jail him for those words!"" https://t.co/cZo2dpfJ1P"
